,rows__row__sentence_good,rows__row__sentence_bad,log(P(S1)),log(P(S2)),log(P(S1)) > log(P(S2)),Confidence,Ppl(S1),Ppl(S2)
0,I eat poha with tea ,I eat plate with tea,-42.390830993652344,-38.27960968017578,0.0,4.1112213134765625,200.10733032089632,2113.1223851637005
1,I ordered a cycle ,I ordered a wall,-28.280739784240723,-22.32522964477539,0.0,5.955510139465332,286.0446612508392,265.4183900161978
2,I gave him water,I gave him air,-24.987110137939453,-26.826953887939453,1.0,1.83984375,516.3462329138746,817.8986850173715
3,I eat a tablet ,I eat an ipad ,-34.16152238845825,-35.26274013519287,1.0,1.1012177467346191,927.3253526223638,356.7814308841714
4,I and he  drank coffee together,I and he drank coffee mug together,-43.30483961105347,-46.841705322265625,1.0,3.536865711212158,486.0957683577558,349.0492973165613
5,He has 10 lakh ruppes in his bank ,He has 10 lakh cars  in his bank,-51.2280650138855,-56.218820571899414,1.0,4.990755558013916,38.82822773239526,108.29962748308074
6,He has calculator in his phone ,He has car in his phone ,-42.80939483642578,-44.94725036621094,1.0,2.1378555297851562,210.8557719629454,614.6394075132529
