rows__row__sentence_good,rows__row__sentence_bad,log(P(S1)),log(P(S2)),log(P(S1)) > log(P(S2)),Confidence,Ppl(S1),Ppl(S2)
I eat poha with tea ,I eat plate with tea,-39.64598751068115,-34.01881408691406,0.0,5.62717342376709,740.751036058009,4937.940012668273
I ordered a cycle ,I ordered a wall,-24.988826751708984,-19.717999935150146,0.0,5.270826816558838,516.5678722324276,715.2746859349497
I gave him water,I gave him air,-19.915164470672607,-21.711062908172607,1.0,1.7958984375,763.8627732669465,1389.9471021464892
I eat a tablet ,I eat an ipad ,-30.308692932128906,-34.25712203979492,1.0,3.9484291076660156,1953.1001956798898,5241.067667755976
I and he  drank coffee together,I and he drank coffee mug together,-39.351948738098145,-48.93731117248535,1.0,9.585362434387207,705.3246004482231,3484.9832913920304
He has 10 lakh ruppes in his bank ,He has 10 lakh cars  in his bank,-46.007569313049316,-51.24431610107422,1.0,5.236746788024902,46.24549757180279,168.07858033015495
He has calculator in his phone ,He has car in his phone ,-37.958807945251465,-38.59673309326172,1.0,0.6379251480102539,559.1780797648358,621.9059334313702
