,rows__row__sentence_good,rows__row__sentence_bad,log(P(S1)),log(P(S2)),log(P(S1)) > log(P(S2)),Confidence,Ppl(S1),Ppl(S2)
0,I eat poha with tea ,I eat plate with tea,-54.915525913238525,-45.09445667266846,0.0,9.821069240570068,2553.129474136626,8257.617069626538
1,I ordered a cycle ,I ordered a wall,-33.135154247283936,-26.54851722717285,0.0,6.586637020111084,755.2364276677051,762.9017895343625
2,I gave him water,I gave him air,-28.301000595092773,-31.226781845092773,1.0,2.92578125,1182.3392245220987,2456.9977610647193
3,I eat a tablet ,I eat an ipad ,-42.002601623535156,-42.645978927612305,1.0,0.6433773040771484,4449.381268501462,5060.374571462531
4,I and he  drank coffee together,I and he drank coffee mug together,-48.818053245544434,-58.1920862197876,1.0,9.374032974243164,1068.4962941782512,4077.156851062175
5,He has 10 lakh ruppes in his bank ,He has 10 lakh cars  in his bank,-54.77201271057129,-59.309349060058594,1.0,4.537336349487305,95.99867531279769,376.50634737886986
6,He has calculator in his phone ,He has car in his phone ,-44.80176639556885,-48.16096210479736,1.0,3.3591957092285156,601.9969279508491,972.7600501915146
